Serial_Number,Company_Name,Current_Market_Price_Rs,Price_to_Earnings_Ratio,Market_Capitalization_Rs_Cr,Dividend_Yield_Percentage,Net_Profit_Quarter_Rs_Cr,Quarterly_Profit_Variation_Percentage,Sales_Quarter_Rs_Cr,Quarterly_Sales_Variation_Percentage,Return_on_Capital_Employed_Percentage
1.,Waaree Renewab.,1391.60,72.88,14506.95,0.07,53.58,159.84,524.42,249.64,107.10
2.,Tips Music,735.15,61.77,9397.54,0.82,48.16,21.46,80.61,32.43,103.80
3.,Esab India,5843.05,52.97,8994.22,1.90,43.16,12.37,338.65,11.88,75.86
4.,Unimech Aero.,1445.15,126.61,7349.58,0.00,38.68,,120.66,,75.43
5.,Shilchar Tech.,8429.30,59.63,6428.86,0.15,32.73,34.14,130.56,22.86,74.65
6.,Sanofi India,6135.85,33.52,14130.86,2.72,82.20,1.99,524.00,6.79,71.10
7.,Jai Balaji Inds.,902.95,18.95,16475.04,0.00,153.16,-24.01,1556.57,0.64,62.33
8.,Jeena Sikho,2360.60,69.65,5868.49,0.18,46.88,,214.13,36.08,57.94
9.,Castrol India,202.16,22.27,19996.10,3.71,207.43,6.69,1288.18,8.90,56.72
10.,Ingersoll-Rand,4131.25,54.08,13041.53,1.69,60.35,21.40,322.10,16.57,51.35
11.,Anand Rathi Wea.,3959.50,62.87,16582.51,0.35,76.31,32.39,242.48,32.81,50.74
12.,Indian Energy Ex,177.02,41.11,15784.74,1.41,106.08,28.01,139.24,28.30,50.01
13.,Tata Tele. Mah.,79.42,,15526.05,0.00,-330.39,-6.50,343.50,19.76,47.91
14.,Insolation Ener,3573.80,73.20,7444.94,0.00,61.27,,612.03,119.84,47.81
15.,Enviro Infra,325.45,53.66,5712.62,0.00,36.37,193.32,213.01,77.82,47.37
16.,Ganesh Housing,1278.05,21.94,10657.29,0.86,158.48,84.26,237.22,45.22,45.01
17.,P & G Health Ltd,5203.95,38.12,8638.24,1.15,82.33,25.56,313.41,2.78,44.97
18.,Easy Trip Plann.,15.51,31.22,5496.87,0.32,27.80,-45.98,103.30,-14.06,43.36
19.,Prudent Corp.,2767.35,65.11,11458.68,0.07,51.52,69.36,286.08,50.54,43.29
20.,Inox India,1103.30,51.41,10013.94,0.00,49.49,7.01,306.56,18.98,43.06
21.,TBO Tek,1790.45,89.10,19442.10,0.00,60.09,8.00,450.69,27.92,42.93
22.,Action Const.Eq.,1518.10,49.44,18078.02,0.13,94.82,28.25,756.69,12.40,42.30
23.,Akzo Nobel,3500.05,36.63,15939.34,2.14,97.90,3.93,982.30,2.72,42.29
24.,Sharda Motor,1882.30,17.71,5596.38,0.53,78.93,-0.10,711.29,-6.73,39.32
25.,Netweb Technol.,2839.40,165.29,16004.79,0.07,25.72,69.88,251.06,73.17,38.43
26.,Share India Sec.,299.80,14.28,6542.22,0.60,124.27,10.19,452.76,23.58,38.31
27.,Tanla Platforms,721.90,17.94,9718.03,1.66,130.21,-8.66,1000.72,-0.78,38.28
28.,Schneider Elect.,786.50,95.50,18805.22,0.00,54.27,17.26,599.71,20.96,37.02
29.,Mahanagar Gas,1312.85,11.28,12968.04,2.29,282.80,-16.45,1711.62,8.96,36.60
30.,Cello World,769.90,50.33,17005.94,0.19,86.78,2.06,490.06,0.22,36.28
31.,HBL Engineering,624.50,50.02,17310.82,0.08,87.07,26.92,520.96,-6.40,35.94
32.,Bondada Engineer,610.55,100.74,6594.57,0.00,36.02,,480.60,62.52,35.53
33.,Sonata Software,628.65,44.55,17628.91,1.26,106.49,-14.24,2169.83,13.45,35.51
34.,C P C L,633.45,13.76,9432.79,8.68,-629.49,-152.87,12086.54,-26.95,35.44
35.,Transrail Light,637.60,37.20,8560.16,0.00,51.74,,915.78,,35.02
36.,IIFL Capital,332.65,14.37,10304.82,0.90,205.34,90.52,645.37,27.30,34.56
37.,Ventive Hospital,739.95,104.68,17280.91,0.00,,,,,34.46
38.,NIIT Learning,454.25,26.53,6177.07,1.16,57.04,19.17,397.45,4.06,33.64
39.,Neuland Labs.,13774.20,66.91,17672.15,0.10,32.84,-63.20,310.84,-25.59,33.26
40.,VST Industries,340.50,23.80,5783.77,4.00,47.56,-37.38,360.03,3.00,32.24
41.,eClerx Services,3507.65,33.01,17196.38,0.03,139.50,2.60,831.84,15.25,31.76
42.,Volt.Transform.,10219.55,30.12,10339.24,0.88,75.74,10.67,397.74,4.29,31.56
43.,Styrenix Perfor.,2954.65,24.11,5197.23,3.32,70.10,24.25,653.22,9.78,31.40
44.,I T D C,715.70,87.24,6138.52,0.35,23.81,24.22,153.66,17.27,31.40
45.,Shakti Pumps,1217.70,44.50,14638.04,0.05,101.42,1636.64,634.59,315.36,31.40
46.,Elecon Engg.Co,633.85,40.05,14223.59,0.24,87.72,-0.96,508.14,4.79,31.32
47.,Astrazeneca Phar,7121.45,138.30,17803.63,0.34,38.43,-5.60,408.00,31.16,31.13
48.,Safari Inds.,2651.80,80.93,12963.59,0.10,29.66,-25.40,457.79,23.72,31.02
49.,Raymond,1786.20,27.67,11891.40,0.56,59.01,1.12,1044.74,122.25,30.93
50.,Black Box,664.90,51.17,11175.31,0.00,51.14,56.79,1497.23,-4.90,30.87
51.,P N Gadgil Jewe.,690.90,60.81,9376.09,0.00,32.39,50.44,2001.53,47.32,30.82
52.,Doms Industries,2772.45,90.61,16825.23,0.09,53.68,42.54,457.77,19.71,30.67
53.,Blue Jet Health,598.95,59.43,10389.71,0.17,58.35,21.89,208.26,14.84,29.97
54.,Balu Forge,778.50,62.63,8520.05,0.02,48.14,106.88,222.88,60.09,29.95
55.,Ceigall India,344.50,20.31,6001.36,0.15,65.54,-11.32,772.19,4.24,29.84
56.,Birlasoft Ltd,552.15,24.68,15272.51,1.18,127.51,-12.11,1368.22,4.45,29.76
57.,Bikaji Foods,748.35,62.91,18737.35,0.13,72.08,17.57,713.25,19.31,29.65
58.,Piccadily Agro,941.80,86.92,8884.87,0.00,24.64,121.78,184.92,62.05,29.59
59.,Clean Science,1496.30,61.73,15900.62,0.33,58.75,12.57,238.13,31.48,29.57
60.,Praj Industries,836.35,55.26,15373.21,0.72,53.83,-13.69,816.19,-7.50,29.29
61.,Redtape,864.20,75.84,11943.41,0.23,25.07,-9.63,415.80,28.05,29.27
62.,Godawari Power,208.50,15.62,13948.13,0.48,159.39,-38.21,1267.57,-1.82,29.19
63.,Fine Organic,4523.10,35.88,13867.81,0.22,113.11,42.51,595.47,26.23,29.04
64.,Indegene,596.70,38.45,14277.18,0.00,91.70,22.27,686.80,8.04,29.02
65.,Lloyds Engineeri,85.29,101.79,9912.70,0.23,27.95,48.75,212.15,74.21,28.33
66.,Bombay Burmah,2193.85,12.40,15306.91,0.05,515.67,90.99,4760.84,5.24,28.31
67.,Glenmark Life,1031.35,29.84,12637.43,2.18,95.32,-19.72,506.88,-14.86,28.11
68.,Man Infra,249.81,34.76,9375.11,0.65,47.25,-31.60,230.32,6.98,28.06
69.,Rolex Rings,1882.85,28.83,5127.62,0.00,49.26,4.90,300.27,-6.39,28.05
70.,Shriram Pistons,2115.70,20.08,9319.62,0.47,125.88,10.42,876.50,16.62,27.87
71.,Gravita India,2290.75,62.97,16907.67,0.23,71.92,24.30,927.42,10.91,27.86
72.,Elantas Beck,12783.55,69.02,10134.39,0.04,31.07,-10.80,183.57,12.43,27.67
73.,ION Exchange,663.60,45.25,9732.79,0.23,50.64,19.57,644.47,20.92,27.49
74.,Garden Reach Sh.,1642.90,48.91,18819.75,0.57,97.77,21.09,1152.92,28.40,27.37
75.,Kirl. Brothers,2072.55,41.80,16457.90,0.29,96.70,89.74,1035.80,13.44,27.30
76.,Gulf Oil Lubric.,1178.35,17.13,5802.29,3.06,84.44,14.68,849.33,5.86,27.21
77.,Ashoka Buildcon,305.40,9.64,8573.29,0.00,462.47,307.02,2488.93,15.53,27.14
78.,ITD Cem,540.10,27.28,9278.25,0.31,72.19,34.35,1990.87,23.62,27.08
79.,Jyothy Labs,403.20,39.41,14805.85,0.87,105.02,0.97,733.76,0.19,26.99
80.,Banco Products,482.90,20.09,6907.27,2.07,138.70,109.80,894.93,23.51,26.96
81.,CMS Info Systems,501.05,22.70,8176.29,1.15,90.92,7.78,624.54,14.86,26.95
82.,Dhanuka Agritech,1397.15,23.51,6367.98,1.00,117.52,15.48,654.28,5.88,26.93
83.,Gabriel India,487.80,35.12,7006.95,0.82,52.69,12.23,924.01,6.89,26.72
84.,Caplin Point Lab,2537.55,39.11,19288.35,0.20,130.81,13.87,483.10,17.81,26.46
85.,Refex Industries,488.20,56.95,6292.30,0.02,31.06,44.18,527.65,49.81,26.39
86.,C.E. Info System,1629.75,65.75,8866.40,0.21,30.35,-8.20,103.67,13.82,26.15
87.,Vesuvius India,4605.45,35.73,9349.06,0.28,68.46,13.57,444.16,7.45,26.09
88.,R Systems Intl.,475.60,40.76,5626.51,1.37,39.81,-9.48,444.09,-2.90,26.08
89.,Archean Chemical,660.60,30.81,8153.63,0.45,21.87,-18.13,238.32,-17.95,25.75
90.,KNR Construct.,346.35,8.91,9740.56,0.07,580.02,216.20,1944.86,87.28,25.74
91.,TD Power Systems,450.10,51.86,7029.82,0.24,41.27,25.94,306.44,11.95,25.37
92.,Rites,295.20,35.63,14187.42,3.90,82.50,-27.85,540.86,-7.13,25.36
93.,Mrs Bectors,1610.50,69.34,9888.17,0.20,38.94,4.45,496.29,19.72,25.35
94.,Zensar Tech.,794.10,27.79,18023.86,1.13,155.70,-10.47,1308.00,5.42,25.15
95.,D B Corp,305.80,12.19,5448.69,4.25,82.57,-17.64,558.95,-4.62,25.12
96.,E2E Networks,4101.55,259.47,8147.26,0.00,12.15,109.84,47.55,119.63,25.03
97.,Titagarh Rail,1117.70,49.49,15052.49,0.07,80.69,15.01,1056.95,12.99,24.97
98.,Choice Intl.,547.30,71.14,10912.01,0.00,46.45,56.39,247.39,29.56,24.84
99.,Guj Pipavav Port,183.04,21.74,8848.88,3.99,91.50,-12.88,227.04,-10.12,24.80
100.,Cera Sanitary.,7525.15,40.62,9787.12,0.80,68.08,17.28,489.99,6.30,24.62
101.,Pricol Ltd,551.05,40.42,6716.28,0.00,45.07,35.96,668.83,15.75,24.53
102.,ASK Automotive,493.80,43.89,9734.90,0.20,67.28,63.14,973.86,22.67,24.24
103.,H.G. Infra Engg.,1509.85,18.78,9839.86,0.10,80.72,-16.02,902.41,-5.46,24.12
104.,Indiamart Inter.,2250.40,31.37,13509.63,0.89,135.10,94.67,347.70,17.98,23.93
105.,Yatharth Hospit.,567.90,42.36,5471.96,0.00,30.95,12.14,217.77,27.14,23.88
106.,Ahluwalia Contr.,989.45,33.52,6628.08,0.05,38.67,-29.78,1011.48,12.19,23.84
107.,Force Motors,7331.60,20.28,9660.31,0.27,135.05,43.84,1941.33,7.75,23.82
108.,Power Mech Proj.,2862.35,33.17,9049.69,0.03,69.51,30.82,1035.49,11.05,23.79
109.,Gokul Agro,366.00,26.70,5400.09,0.00,71.48,111.54,4812.49,16.84,23.37
110.,KSB,767.10,58.22,13350.55,0.46,61.70,23.15,616.50,9.37,23.29
111.,Indigo Paints,1395.75,46.89,6648.61,0.25,24.12,-7.73,288.55,6.69,23.18
112.,Afcons Infrastr.,543.25,43.62,19979.90,0.00,135.43,30.01,2959.69,-11.23,23.13
113.,Garware Tech.,911.40,40.12,9047.09,0.07,65.89,25.77,420.59,28.11,23.07
114.,Mah. Seamless,745.70,11.85,9991.76,1.34,220.16,-12.13,1291.81,-15.85,22.92
115.,Happy Forgings,1014.70,36.91,9558.97,0.39,71.43,29.26,361.13,5.26,22.70
116.,Kovai Medical,6371.05,34.55,6969.93,0.16,50.69,16.77,343.99,13.63,22.61
117.,UTI AMC,1362.20,20.70,17425.01,1.76,263.08,30.83,538.40,33.25,22.60
118.,The Anup Enginee,3516.25,59.00,7041.81,0.43,32.31,48.76,187.87,34.34,22.58
119.,Supreme Petroch.,657.50,30.05,12363.72,1.37,90.34,15.73,1505.56,17.84,22.46
120.,NESCO,995.60,18.68,7014.99,0.60,106.88,21.70,192.10,9.87,22.39
121.,Elgi Equipments,576.60,55.76,18272.97,0.35,94.72,3.76,868.86,7.78,22.28
122.,Aurionpro Sol.,1809.30,60.72,9989.78,0.14,45.51,36.04,278.28,31.79,22.27
123.,Valor Estate,177.60,27.67,9563.15,0.00,-111.23,-113.97,79.05,16.22,22.26
124.,Engineers India,187.65,28.50,10546.73,1.60,99.63,-21.83,688.94,-12.77,22.21
125.,Jupiter Life Lin,1548.60,58.09,10153.55,0.06,50.30,37.02,273.10,20.27,22.16
126.,Supriya Lifesci.,772.50,39.47,6217.30,0.10,46.15,93.26,166.10,18.56,22.15
127.,NCC,276.95,20.39,17388.21,0.79,174.79,110.71,5195.98,10.09,22.10
128.,Usha Martin,367.55,26.24,11200.78,0.75,109.31,-0.15,891.17,13.57,22.08
129.,Dodla Dairy,1236.90,34.46,7461.95,0.24,63.38,45.37,997.62,29.94,22.08
130.,Tilaknagar Inds.,453.95,48.23,8759.25,0.11,58.23,82.42,374.86,5.78,22.00
131.,Cyient,1776.85,28.41,19724.99,1.69,186.60,-2.08,1849.10,3.97,21.88
132.,Happiest Minds,738.10,52.34,11239.40,0.78,38.26,-29.84,374.65,1.25,21.81
133.,Aditya Vision,512.05,69.12,6588.19,0.18,12.21,26.79,375.85,20.03,21.75
134.,Kirl.Pneumatic,1540.90,51.09,9995.31,0.42,67.53,234.64,430.67,52.76,21.72
135.,R R Kabel,1423.75,61.20,16098.12,0.42,49.75,-32.72,1810.14,12.45,21.71
136.,KPI Green Energy,547.70,46.54,10783.70,0.05,69.93,103.22,359.68,67.24,21.61
137.,Hind.Construct.,40.38,,7346.67,0.00,63.93,1482.43,1406.91,-23.23,21.43
138.,Pearl Global Ind,1518.60,34.91,6973.89,0.58,55.63,52.01,1201.92,25.12,21.39
139.,ICRA,6319.70,40.32,6099.29,1.58,37.11,15.58,126.12,20.29,21.38
140.,Jindal Saw,284.60,9.66,18200.40,0.70,475.31,33.60,5571.92,1.93,21.38
141.,Kajaria Ceramics,1138.95,47.65,18140.32,1.05,85.54,-21.94,1179.27,5.14,21.15
142.,L T Foods,431.15,24.89,14971.81,0.35,150.61,-4.86,2107.79,6.57,21.09
143.,Surya Roshni,281.65,19.01,6129.72,0.44,36.06,-52.48,1528.72,-20.19,20.81
144.,Route Mobile,1396.30,24.70,8796.35,0.79,107.03,9.47,1113.41,9.74,20.72
145.,GHCL,758.50,13.70,7263.00,1.58,154.83,8.39,792.79,-1.57,20.63
146.,Marksans Pharma,297.90,39.01,13499.75,0.20,97.76,15.80,641.92,20.83,20.61
147.,CEAT,3185.25,21.74,12884.37,0.94,121.45,-41.52,3304.53,8.23,20.42
148.,WPIL,716.65,35.52,6999.58,0.56,70.22,83.45,490.89,54.01,20.42
149.,Skipper,556.50,58.39,6259.94,0.02,33.94,78.82,1109.74,43.68,20.33
150.,Intellect Design,972.80,47.45,13487.10,0.36,52.48,-25.50,558.13,-9.84,20.32
151.,Thangamayil Jew.,2019.20,58.10,5540.52,0.50,-17.44,-307.87,1181.05,18.88,20.29
152.,EID Parry,907.65,21.92,16118.64,0.44,591.66,-32.42,9330.35,2.99,20.29
153.,JK Paper,422.90,9.20,7164.03,2.01,128.85,-57.50,1682.93,1.99,20.29
154.,Railtel Corpn.,422.55,48.12,13561.25,0.67,72.64,8.14,843.49,40.78,20.25
155.,Pitti Engg.,1331.50,47.19,5013.58,0.11,34.05,54.70,379.38,25.37,20.07
156.,Avanti Feeds,678.05,22.08,9238.13,1.00,121.47,53.11,1355.09,5.99,20.01
157.,Craftsman Auto,5327.60,50.77,12709.30,0.21,61.69,-34.75,1213.95,2.96,19.99
158.,Transport Corp.,1158.40,23.69,9027.02,0.82,107.30,22.30,1120.80,12.81,19.92
159.,Azad Engineering,1885.45,159.81,11145.46,0.00,20.88,7.46,111.54,34.65,19.89
160.,Va Tech Wabag,1642.90,39.28,10217.27,0.00,70.30,16.97,700.30,5.31,19.75
161.,Data Pattern,2485.25,75.15,13913.42,0.26,30.28,-10.39,91.02,-15.96,19.71
162.,Saregama India,551.10,56.63,10636.75,0.73,44.95,-6.44,241.83,40.31,19.60
163.,Vijaya Diagnost.,1113.10,85.19,11423.69,0.09,42.13,25.87,182.95,31.75,19.51
164.,Kennametal India,2925.45,58.94,6429.62,1.03,25.00,46.20,270.40,4.85,19.50
165.,Redington,201.66,13.54,15765.26,3.07,282.88,-6.78,24895.56,12.04,19.46
166.,JK Tyre & Indust,387.45,13.89,10616.91,1.16,139.75,-41.54,3621.56,-7.08,19.31
167.,Blue Dart Expres,6829.10,57.28,16205.45,0.37,62.84,-13.99,1448.46,9.36,19.22
168.,Tega Inds.,1538.50,60.55,10236.49,0.13,7.22,-84.76,353.30,-6.40,19.20
169.,GMM Pfaudler,1210.55,55.66,5442.30,0.17,17.28,-74.42,805.42,-14.09,19.08
170.,Rainbow Child.,1557.80,68.34,15819.72,0.19,79.01,25.37,417.46,25.48,19.08
171.,Thomas Cook (I),193.18,32.83,9096.72,0.21,71.96,37.83,2003.76,8.70,19.07
172.,Innova Captab,1182.95,57.21,6769.42,0.00,35.00,52.77,318.20,12.46,18.99
173.,Symphony,1344.70,39.80,9272.65,0.97,56.00,60.00,315.00,14.55,18.84
174.,Astra Microwave,788.45,57.42,7485.94,0.25,25.39,-15.42,229.61,20.77,18.77
175.,Ramkrishna Forg.,917.40,45.12,16599.43,0.22,189.77,36.54,1053.63,17.23,18.71
176.,Finolex Cables,1154.35,32.54,17654.55,0.69,146.09,-11.67,1311.72,10.47,18.68
177.,Technocraf.Inds.,2943.00,25.10,6757.62,0.00,71.21,4.84,628.56,20.90,18.68
178.,Bata India,1460.80,54.00,18775.30,0.82,51.98,-11.42,837.14,2.20,18.66
179.,Sky Gold,390.30,71.07,5719.46,0.00,36.71,404.95,768.85,94.17,18.57
180.,Vinati Organics,1784.20,49.51,18496.02,0.39,106.11,46.38,553.27,19.51,18.54
181.,GE Shipping Co,984.70,4.97,14058.28,2.92,575.57,-3.21,1354.40,10.20,18.51
182.,J Kumar Infra,767.95,16.19,5810.73,0.52,90.16,22.77,1292.37,17.04,18.44
183.,Welspun Enterp,639.25,26.22,8848.10,0.47,61.56,7.30,788.51,22.11,18.40
184.,FDC,509.60,26.21,8296.80,0.98,72.04,3.22,513.85,5.65,18.37
185.,CIE Automotive,486.45,22.55,18454.08,1.03,195.23,4.26,2134.63,-6.35,18.32
186.,Indo Count Inds.,344.10,22.03,6815.05,0.64,81.54,-28.59,1035.85,2.67,18.30
187.,LMW,16838.35,89.84,17988.41,0.45,24.46,-78.75,768.99,-41.76,18.08
188.,Century Plyboard,863.55,86.65,19185.75,0.12,39.98,-58.74,1183.62,18.74,18.01
189.,Mastek,3063.90,25.74,9460.56,0.62,128.65,97.47,867.39,13.30,18.01
190.,AGI Greenpac,1070.05,25.93,6922.94,0.56,72.08,28.39,599.18,-2.55,17.73
191.,eMudhra,954.70,97.86,7906.03,0.13,22.30,19.38,141.22,46.65,17.66
192.,Epigral,1813.85,26.75,7825.19,0.28,80.53,111.20,626.06,30.93,17.49
193.,Varroc Engineer,633.55,18.35,9679.78,0.00,57.80,2.67,2080.77,10.28,17.48
194.,PDS,606.55,56.27,8557.91,0.78,93.17,10.46,3306.29,34.25,17.47
195.,Galaxy Surfact.,2543.95,28.79,9019.51,0.86,84.71,9.42,1062.99,8.12,17.45
196.,Rategain Travel,723.75,45.39,8535.59,0.00,52.21,73.80,277.26,18.12,17.45
197.,Zaggle Prepaid,562.15,108.30,7544.35,0.00,18.56,144.53,302.56,64.22,17.25
198.,Honasa Consumer,252.50,108.65,8201.81,0.00,-14.92,-139.53,417.48,-9.28,17.10
199.,JK Lakshmi Cem.,818.50,27.63,9631.29,0.79,-19.24,-115.10,1234.29,-21.61,17.04
200.,G R Infraproject,1448.70,15.23,14014.77,0.00,193.57,-16.22,1394.33,-25.94,16.89
201.,Balaji Amines,1772.30,28.47,5742.43,0.62,41.45,18.06,346.88,-8.85,16.76
202.,Campus Activewe.,307.85,96.61,9401.69,0.00,14.30,4368.75,333.29,28.85,16.71
203.,Kalyani Steels,1160.85,20.58,5067.47,0.86,66.79,14.52,492.10,2.51,16.63
204.,Aarti Pharma,670.65,26.65,6077.83,0.45,54.62,5.44,458.03,4.15,16.62
205.,Techno Elec.Engg,1640.70,60.21,19081.27,0.43,94.21,27.69,441.42,-4.51,16.53
206.,Guj. Ambuja Exp,127.02,17.22,5826.03,0.28,69.53,-16.22,1124.64,0.80,16.51
207.,Star Cement,227.97,46.57,9214.10,0.00,5.67,-86.06,641.55,9.62,16.48
208.,Alkyl Amines,1790.00,54.42,9153.35,0.56,47.46,74.23,414.89,17.82,16.46
209.,Nava,972.40,13.24,14109.59,0.41,331.97,68.70,900.48,-2.33,16.27
210.,Electrost.Cast.,142.57,10.11,8813.46,0.98,155.20,-11.11,1827.80,-4.77,16.22
211.,Orient Cement,344.15,46.37,7058.86,0.65,2.32,-90.58,544.03,-24.50,16.13
212.,MOIL,349.15,20.44,7104.69,1.73,49.96,-18.79,291.89,-16.01,16.11
213.,V-Guard Industri,427.10,71.56,18594.91,0.33,52.19,0.38,1229.02,14.66,16.10
214.,Welspun Living,163.49,22.90,15888.10,0.06,202.40,2.18,2873.09,14.51,16.10
215.,Ami Organics,2120.55,92.93,8680.36,0.14,37.56,387.34,246.73,43.15,15.99
216.,KRBL,305.10,15.97,6983.43,1.31,102.67,-33.02,1270.48,4.64,15.85
217.,PNC Infratech,322.05,6.67,8261.84,0.19,83.46,-43.57,1427.05,-25.34,15.84
218.,Metropolis Healt,1997.80,69.19,10242.19,0.20,46.70,31.23,349.79,13.38,15.79
219.,Sansera Enginee.,1468.05,46.79,9090.43,0.20,51.61,7.83,763.37,10.17,15.76
220.,Allied Blenders,437.45,199.18,12235.92,0.00,48.45,314.10,867.67,1.94,15.76
221.,Go Fashion (I),1017.70,64.11,5496.49,0.00,20.63,2.94,208.53,10.42,15.66
222.,Time Technoplast,489.95,30.75,11118.39,0.41,99.79,39.72,1370.52,14.76,15.62
223.,Kirl. Ferrous,648.85,39.23,10677.44,0.85,84.91,-21.43,1667.11,6.94,15.47
224.,Optiemus Infra.,773.80,97.93,6643.63,0.00,13.73,154.26,476.58,73.72,15.44
225.,Granules India,605.20,30.12,14675.72,0.25,97.23,-4.79,966.62,-18.74,15.40
226.,Hindustan Foods,519.55,62.56,5952.66,0.00,22.93,-7.05,883.20,30.78,15.38
227.,Sarda Energy,481.15,28.35,16954.82,0.21,203.49,38.93,1158.66,15.71,15.28
228.,BEML Ltd,4142.40,60.41,17250.82,0.49,51.03,-1.47,859.84,-6.21,15.25
229.,Minda Corp,506.90,46.29,12118.94,0.28,74.34,26.49,1290.01,7.87,15.20
230.,Latent View,501.40,60.69,10352.48,0.00,40.71,17.22,208.95,34.22,15.19
231.,Sandur Manganese,433.50,20.05,7024.21,0.23,32.12,21.90,260.25,40.82,15.16
232.,Responsive Ind,267.06,37.82,7120.05,0.04,49.28,21.17,349.52,30.25,15.16
233.,EPL Ltd,267.45,29.46,8524.22,1.66,88.30,72.28,1086.20,8.45,15.09
234.,TVS Holdings,9727.85,20.68,19681.49,0.97,598.81,21.84,11554.44,8.93,14.98
235.,Asahi India Glas,730.25,57.80,17752.38,0.27,94.54,9.46,1157.68,3.41,14.97
236.,Kirloskar Oil,1051.85,29.55,15266.10,0.57,124.92,52.64,1500.32,14.98,14.97
237.,Ethos Ltd,2886.40,77.99,7066.04,0.00,21.25,14.31,297.13,26.32,14.91
238.,T R I L,1239.20,153.91,18598.28,0.02,45.91,2710.56,461.54,79.55,14.81
239.,Olectra Greentec,1489.65,108.92,12227.16,0.03,47.65,163.34,523.67,70.49,14.79
240.,Triven.Engg.Ind.,447.40,31.57,9793.50,0.78,-22.42,-165.96,1490.95,5.83,14.77
241.,CreditAcc. Gram.,934.55,11.18,14912.78,1.07,186.06,-46.72,1453.29,16.55,14.76
242.,Aptus Value Hou.,296.90,21.97,14839.48,1.52,181.97,22.94,421.39,26.32,14.68
243.,TTK Prestige,822.10,53.75,11395.67,0.73,52.25,-11.50,750.06,2.82,14.55
244.,JBM Auto,1578.35,99.62,18663.54,0.10,52.61,11.96,1285.98,4.47,14.45
245.,Protean eGov,1934.55,93.76,7842.73,0.52,28.04,-14.46,219.70,-6.78,14.30
246.,Bansal Wire Inds,452.80,107.28,7088.85,0.00,33.43,103.47,700.61,16.10,14.27
247.,Orient Electric,238.86,82.32,5096.46,0.63,10.44,180.65,660.15,16.45,14.24
248.,PCBL Ltd,462.70,34.92,17465.19,1.19,123.45,0.60,2163.20,45.50,14.16
249.,Shaily Engineer.,1549.20,97.27,7118.99,0.06,21.92,102.40,192.00,21.85,14.12
250.,Bengal & Assam,9216.50,9.06,10411.26,0.43,127.75,-60.31,589.88,-86.52,14.11
251.,Cyient DLM,667.50,78.54,5293.68,0.00,15.55,6.14,389.43,33.44,14.08
252.,Ujaas Energy,547.70,105.26,5839.94,0.00,0.80,112.31,4.70,-31.49,14.04
253.,Arvind Fashions.,520.95,80.99,6942.13,0.24,45.03,24.03,1273.18,8.49,13.98
254.,JP Power Ven.,17.67,7.38,12110.06,0.00,182.66,53.26,1226.41,-9.14,13.97
255.,Garware Hi Tech,5102.35,38.70,11853.98,0.20,104.26,127.10,620.58,56.27,13.96
256.,Suprajit Engg.,456.50,45.83,6325.69,0.55,0.48,-98.62,833.60,17.60,13.94
257.,Relaxo Footwear,633.30,87.07,15765.28,0.47,36.73,-16.88,679.37,-5.03,13.86
258.,Senco Gold,1133.65,42.46,9273.53,0.18,16.83,40.02,1458.68,27.46,13.82
259.,G M D C,326.55,16.33,10384.29,2.92,127.86,71.44,593.01,54.94,13.78
260.,Manappuram Fin.,187.72,7.03,15889.27,1.89,572.08,2.20,2633.10,21.86,13.75
261.,Godrej Agrovet,754.75,39.48,14510.93,1.32,95.79,-7.83,2448.75,-4.75,13.71
262.,Kama Holdings,2491.70,10.41,7996.01,1.42,203.92,-31.26,3451.86,7.66,13.56
263.,Balrampur Chini,521.75,24.38,10534.26,0.57,67.18,-59.59,1297.95,-15.69,13.46
264.,Manorama Indust.,1065.55,105.51,6350.58,0.04,26.71,210.22,195.42,65.99,13.38
265.,HFCL,114.40,43.94,16504.18,0.17,73.33,5.63,1093.61,-1.61,13.26
266.,Arvind Ltd,409.25,36.99,10712.85,0.92,62.77,-24.53,2188.31,13.87,13.08
267.,Team Lease Serv.,3051.05,51.60,5116.28,0.00,24.85,-9.86,2796.83,23.07,13.06
268.,Powergrid Infra.,85.90,10.80,7816.89,,79.74,-72.43,319.96,0.56,12.94
269.,IFB Industries,1904.55,70.35,7717.24,0.00,33.30,16.07,1176.56,10.16,12.75
270.,Electronics Mart,164.61,34.53,6333.35,0.00,24.55,-34.32,1386.10,5.55,12.74
271.,Bajaj Electrical,777.70,83.30,8969.57,0.39,12.90,-59.28,1118.33,0.50,12.73
272.,CCL Products,726.60,35.42,9702.14,0.62,73.95,21.51,738.20,21.50,12.39
273.,ISGEC Heavy,1451.25,36.64,10670.97,0.28,95.70,54.83,1643.90,11.59,12.31
274.,INDIA SHELTE FIN,698.55,24.00,7514.48,0.00,89.87,49.68,282.28,38.56,12.23
275.,Greenlam Industr,589.00,62.41,7514.10,0.28,34.45,-11.60,680.81,12.78,12.08
276.,Gallantt Ispat L,360.10,27.31,8688.53,0.28,48.89,3.45,942.57,-0.77,11.96
277.,Shoppers Stop,607.35,334.74,6681.50,0.00,-20.59,-370.45,1114.87,7.29,11.84
278.,IIFL Finance,421.00,11.78,17870.58,0.95,-93.07,-22.94,2571.90,3.78,11.81
279.,Privi Speci.,1840.55,52.94,7189.69,0.11,44.84,47.44,532.79,17.01,11.79
280.,Shrem InvIT,114.25,6.10,6978.89,,275.88,7.55,488.74,10.32,11.76
281.,Quess Corp,689.35,28.18,10249.76,1.45,93.63,28.04,5179.36,9.08,11.74
282.,Edelweiss.Fin.,124.92,25.48,11805.12,1.20,137.02,45.13,2831.74,31.36,11.50
283.,Westlife Food,800.55,577.67,12483.47,0.43,0.36,-98.39,618.01,0.53,11.47
284.,GMR Urban,129.79,,9277.86,0.00,249.56,128.48,1384.09,120.58,11.39
285.,MTAR Technologie,1771.15,139.87,5447.98,0.00,18.78,-9.84,190.18,14.07,11.38
286.,Sudarshan Chem.,1154.55,58.37,7992.63,0.40,29.90,95.30,696.09,15.88,11.36
287.,Lemon Tree Hotel,159.02,82.98,12598.30,0.00,35.04,30.86,284.37,25.16,11.36
288.,Aadhar Hsg. Fin.,428.20,22.12,18441.70,0.00,227.51,15.31,764.27,21.59,11.36
289.,Genus Power,406.15,84.62,12341.12,0.15,83.08,68.90,486.88,88.01,11.34
290.,ERIS Lifescience,1297.35,50.87,17660.73,0.00,96.35,-25.12,741.17,46.68,11.27
291.,Home First Finan,1068.05,27.98,9578.25,0.32,92.23,24.12,372.91,36.43,11.25
292.,Rallis India,305.45,39.87,5940.05,0.82,98.00,20.62,928.00,11.54,11.20
293.,Ujjivan Small,34.45,5.73,6664.50,4.35,233.03,-28.90,1612.79,15.93,11.09
294.,Kesoram Inds.,226.16,,7026.97,0.00,-69.92,11.10,58.71,-1.99,11.00
295.,Lux Industries,2030.30,38.35,6105.45,0.10,51.60,42.56,677.45,5.97,10.98
296.,SBFC Finance,89.75,32.38,9717.67,0.00,83.98,59.63,313.89,27.44,10.93
297.,V2 Retail,1728.85,144.76,5979.98,0.00,-2.51,55.81,380.01,64.28,10.85
298.,India Infr Trust,91.00,7.42,6042.40,,133.07,,1378.37,15.81,10.84
299.,Gokaldas Exports,1139.95,62.65,8146.82,0.00,28.16,18.77,929.00,85.71,10.76
300.,Deepak Fertiliz.,1203.20,22.40,15188.94,0.71,214.07,249.39,2746.72,13.31,10.72
301.,Texmaco Rail,198.96,38.25,7947.80,0.25,74.11,196.18,1345.88,67.18,10.59
302.,Sai Life,779.90,195.91,16221.10,0.00,28.01,,675.29,5.13,10.57
303.,Dilip Buildcon,465.55,24.86,6807.04,0.21,265.86,466.29,2461.35,-13.60,10.47
304.,Dynamatic Tech.,8099.30,109.33,5500.59,0.12,12.03,-0.58,361.42,3.00,10.46
305.,Navin Fluo.Intl.,3359.65,76.95,16662.44,0.36,58.82,-2.91,518.56,9.91,10.43
306.,Trident,34.09,53.90,17372.50,1.06,83.32,-7.78,1712.94,-4.71,10.43
307.,Finolex Inds.,248.60,32.06,15425.06,1.01,51.44,-45.15,828.43,-6.20,10.42
308.,SIS,369.15,33.62,5321.61,0.00,68.81,-8.59,3268.81,6.35,10.34
309.,IFCI,61.37,110.68,16039.61,0.00,184.89,-13.51,617.14,1.70,10.24
310.,Sh.Renuka Sugar,40.22,,8560.79,0.00,-23.10,89.12,2566.20,0.43,10.15
311.,JM Financial,130.21,20.19,12445.03,1.54,144.20,-26.03,1190.51,-0.57,10.13
312.,Sammaan Capital,163.23,,12089.56,1.23,-2760.72,-1026.48,2422.49,8.77,10.08
313.,Jubilant Ingrev.,859.20,77.96,13685.44,0.58,59.00,2.63,1045.24,2.48,9.97
314.,AAVAS Financiers,1701.35,25.25,13465.13,0.00,147.91,21.52,579.16,16.61,9.91
315.,Puravankara,391.50,134.17,9284.41,1.61,-17.06,-49.82,495.54,34.54,9.89
316.,Syrma SGS Tech.,627.60,105.14,11145.24,0.24,39.65,24.01,832.74,17.00,9.84
317.,Jindal Worldwide,439.00,104.05,8802.85,0.05,17.34,35.89,570.81,45.68,9.83
318.,Capri Global,191.56,48.89,15805.93,0.08,96.98,48.65,751.64,34.89,9.50
319.,Mishra Dhatu Nig,349.35,74.77,6544.72,0.40,23.55,70.04,262.12,15.22,9.44
320.,Laxmi Organic,242.41,50.14,6715.33,0.25,28.09,162.28,771.25,18.24,9.40
321.,Neogen Chemicals,2202.30,143.74,5810.04,0.09,10.96,38.38,193.36,19.57,9.38
322.,Orchid Pharma,1982.50,84.51,10055.06,0.00,27.24,37.58,222.70,12.04,9.37
323.,Can Fin Homes,721.15,11.71,9602.41,0.83,211.49,33.80,962.48,10.50,9.26
324.,Mahindra Holiday,376.60,69.00,7607.61,0.00,11.48,-46.20,670.75,2.36,9.24
325.,Religare Enterp.,282.95,101.77,9354.49,0.00,68.49,102.33,1951.86,23.19,9.24
326.,MMTC,74.50,52.76,11175.00,0.00,48.05,-58.86,1.56,100.74,9.23
327.,AWFIS Space,751.05,424.21,5319.54,0.00,38.67,437.01,292.38,40.47,9.18
328.,Birla Corpn.,1231.35,31.10,9482.63,0.81,-25.19,-143.02,1952.56,-14.58,9.01
329.,DCM Shriram,1136.80,33.99,17727.52,0.58,62.92,95.16,2957.33,9.21,8.99
330.,Equitas Sma. Fin,66.34,16.86,7558.26,1.51,12.88,-93.50,1554.87,14.41,8.97
331.,Health.Global,482.30,128.86,6723.39,0.00,20.68,66.88,553.54,13.68,8.92
332.,Anupam Rasayan,728.25,114.52,8005.75,0.17,30.62,-59.03,293.96,-25.04,8.89
333.,Vardhman Textile,509.70,18.51,14739.24,0.78,197.30,46.57,2502.42,4.38,8.73
334.,RHI Magnesita,496.80,51.51,10258.99,0.50,45.91,-35.62,867.07,-12.14,8.58
335.,Bharat Global,68.69,791.42,12520.24,0.00,10.11,,216.35,,8.55
336.,HEG,528.25,56.04,10194.04,0.85,82.28,-14.27,567.60,-7.58,8.54
337.,V I P Inds.,488.65,,6939.78,0.41,-33.05,-375.83,544.26,-0.34,8.48
338.,ACME Solar Hold.,240.33,118.26,14542.07,0.00,15.30,-19.09,259.59,-19.71,8.41
339.,RattanIndia Pow.,13.55,,7276.49,0.00,-1.35,99.79,682.43,-14.31,8.39
340.,Epack Durable,625.10,125.92,5998.94,0.00,-8.49,-39.64,377.10,111.73,8.32
341.,Sheela Foam,1011.50,112.98,10994.74,0.00,9.32,-78.80,812.72,32.54,7.97
342.,National Standar,4324.70,521.68,8649.40,0.00,4.80,71.43,3.80,630.77,7.92
343.,Strides Pharma,698.00,32.30,6432.96,0.36,93.66,7158.04,1201.11,20.18,7.85
344.,Aether Industri.,905.70,118.26,12008.04,0.00,38.07,7.20,196.45,19.66,7.82
345.,G N F C,567.00,18.98,8331.54,2.91,102.00,-42.70,1917.00,-7.84,7.71
346.,Aarti Industries,420.10,34.38,15229.46,0.24,52.00,-45.05,1628.00,11.97,7.47
347.,S C I,214.45,9.98,9989.08,0.23,290.22,613.25,1450.63,32.71,7.43
348.,Reliance Infra.,319.20,,12644.51,0.00,4194.63,389.06,7258.49,1.48,7.38
349.,Sapphire Foods,348.85,498.03,11186.71,0.00,-6.24,-84.22,695.70,8.26,7.27
350.,T N Merc. Bank,456.85,6.41,7234.29,2.19,303.18,10.85,1337.41,10.61,7.18
351.,Sobha,1545.65,270.18,14659.85,0.19,26.09,74.52,933.59,25.95,7.12
352.,India Grid Trust,144.01,32.06,12018.47,5.21,98.73,165.57,835.78,16.70,7.08
353.,CSB Bank,319.10,10.01,5535.93,0.00,138.41,3.93,864.85,25.83,6.94
354.,Karur Vysya Bank,222.61,9.95,17917.38,1.08,473.60,25.14,2384.00,19.37,6.89
355.,Juniper Hotels,363.75,237.07,8093.52,0.00,-27.82,-77.76,214.52,27.34,6.80
356.,Lloyds Enterpris,57.30,66.89,7289.29,0.17,40.46,-23.39,385.49,158.16,6.75
357.,Jubilant Pharmo,1091.85,61.11,17393.17,0.46,102.50,81.29,1752.30,4.28,6.74
358.,Paradeep Phosph.,120.66,27.08,9836.32,0.41,227.46,154.34,3843.84,4.37,6.74
359.,Entero Healthcar,1402.15,85.35,6098.48,0.00,26.04,360.43,1300.69,30.55,6.71
360.,Natl.Fertilizer,120.55,16.34,5913.94,0.22,12.07,113.86,4390.36,-22.43,6.70
361.,Medplus Health,832.00,99.31,9946.32,0.00,38.70,166.16,1576.17,11.90,6.66
362.,Keystone Realtor,672.40,55.91,8473.53,0.00,65.55,1471.94,533.07,-13.75,6.58
363.,City Union Bank,175.44,12.29,12999.85,0.85,285.18,1.63,1433.95,9.96,6.57
364.,Le Travenues,178.55,112.36,6932.49,0.00,13.09,513.91,206.47,25.96,6.53
365.,Infibeam Avenues,26.11,35.77,7282.45,0.19,47.47,8.31,1016.65,29.19,6.27
366.,Zee Entertainmen,125.51,28.17,12055.48,0.80,209.40,13.77,2000.70,-17.93,6.26
367.,Karnataka Bank,211.18,5.95,7980.38,2.60,336.07,1.76,2234.13,10.24,6.24
368.,RBL Bank,162.79,8.39,9893.86,0.92,222.52,-24.33,3530.93,17.39,6.23
369.,Avalon Tech,973.15,223.51,6437.22,0.00,17.48,140.11,275.02,36.83,6.22
370.,South Ind.Bank,26.96,5.82,7053.53,1.11,324.69,18.15,2354.72,10.60,6.19
371.,R C F,180.63,53.83,9965.18,0.69,78.96,54.73,4289.56,3.23,6.16
372.,J & K Bank,100.76,5.47,11095.51,2.13,552.78,44.04,3123.65,12.99,5.90
373.,Sundaram Fin.Hol,303.40,11.80,6738.63,2.54,88.90,-2.00,29.86,22.43,5.85
374.,G S F C,205.62,15.52,8193.49,1.95,298.23,-3.46,2635.17,-15.50,5.77
375.,Sunflag Iron,290.95,35.52,5243.48,0.00,40.80,5.21,865.74,0.90,5.69
376.,Nazara Technolo.,1014.10,93.37,7762.09,0.00,16.24,-1.86,318.94,7.30,5.53
377.,Nuvoco Vistas,352.80,256.89,12600.47,0.00,-85.17,-5666.67,2268.58,-11.83,5.42
378.,Zydus Wellness,1981.65,40.16,12609.66,0.25,20.90,166.10,492.90,12.05,5.33
379.,Shilpa Medicare,839.45,142.92,8209.06,0.00,17.95,1042.68,343.80,9.85,5.25
380.,Niva Bupa Health,83.33,186.01,15224.61,0.00,13.02,271.54,1321.28,36.35,4.85
381.,Just Dial,1064.20,29.05,9049.99,0.00,154.07,390.04,284.83,9.29,4.81
382.,Sterlite Tech.,116.56,,5685.95,0.00,-14.00,-150.00,1413.00,-5.42,4.80
383.,Brookfield India,281.31,204.12,17096.68,,25.23,1187.24,590.20,47.66,4.80
384.,TVS Supply,176.13,261.60,7769.51,0.00,10.61,132.26,2512.88,11.05,4.74
385.,PVR Inox,1302.15,,12787.11,0.00,-12.10,-107.10,1622.10,-18.89,4.69
386.,Sunteck Realty,504.30,49.57,7387.44,0.30,34.63,348.42,169.05,577.83,4.66
387.,Sharda Cropchem,836.55,34.66,7547.40,0.36,42.42,253.77,776.89,33.77,4.27
388.,Cartrade Tech,1666.35,84.98,7893.01,0.00,30.73,100.87,154.21,28.50,4.20
389.,Inox Wind Energy,10026.05,211.24,12078.96,0.00,84.45,158.74,733.01,97.36,4.15
390.,Sterling & Wils.,469.55,,10963.73,0.00,8.57,113.00,1030.49,35.68,3.77
391.,Greaves Cotton,278.55,,6475.77,0.72,-14.33,-79.29,705.31,-2.94,3.72
392.,Inox Green,172.67,216.80,6337.28,0.00,6.06,79.88,55.18,16.44,3.67
393.,Eureka Forbes,601.25,89.21,11627.64,0.00,46.67,74.72,672.87,13.60,3.46
394.,Prism Johnson,170.46,,8580.27,0.00,-103.67,-702.93,1685.38,-8.29,3.45
395.,Rajesh Exports,232.68,179.47,6870.11,0.00,45.56,0.55,66923.67,75.81,3.23
396.,RattanIndia Ent,64.27,12.41,8883.85,0.00,-241.59,-227.06,1800.62,11.52,2.89
397.,National High,132.00,68.41,17321.05,,74.50,-0.69,566.77,140.25,2.82
398.,Maple Inf. Trust,144.00,,5071.25,,,,,,2.70
399.,Akums Drugs,633.85,,9976.42,0.00,66.66,49.63,1033.09,-12.54,2.40
400.,Mahindra Life.,464.90,60.00,7209.95,0.57,-14.01,25.99,7.61,-57.18,2.01
401.,Pilani Invest.,5425.10,30.47,6006.81,0.28,77.70,43.36,122.83,15.18,2.01
402.,SignatureGlobal,1397.40,362.14,19634.96,0.00,4.16,120.62,749.29,660.47,1.94
403.,TARC Ltd,186.06,,5490.56,0.00,-67.36,-6394.39,4.31,-85.50,1.91
404.,Rain Industries,178.27,,5996.11,0.56,-154.94,-135.65,3934.28,-5.43,1.90
405.,SpiceJet,55.74,,7144.12,0.00,149.96,-26.69,1695.52,-15.30,1.64
406.,Graphite India,570.30,24.07,11142.27,1.93,194.00,531.51,643.00,-18.92,1.44
407.,Reliance Power,45.80,,18397.73,0.00,2878.15,17.87,1759.81,-13.64,1.43
408.,Mah. Scooters,9738.05,63.74,11129.20,1.75,151.16,-23.55,163.17,-20.76,0.88
409.,Cube Highways,120.60,197.71,16093.45,,-26.03,-28.99,1682.01,11.39,0.72
410.,JSW Holdings,17765.40,82.09,19719.59,0.00,119.64,89.30,162.18,81.88,0.70
411.,V-Mart Retail,3745.65,,7415.28,0.00,-56.51,11.87,660.97,20.30,0.54
412.,Max Estates,591.25,,9518.79,0.00,-1.38,69.40,40.18,96.10,0.46
413.,Sequent Scien.,203.57,239.42,5095.40,0.00,6.34,-4.65,368.65,6.56,0.44
414.,Unichem Labs.,725.55,102.06,5108.29,0.00,30.49,224.50,462.16,11.20,0.39
415.,Netwrk.18 Media,72.80,,11225.76,0.00,-152.31,-15.36,1825.18,-2.16,-0.26
416.,India Cements,378.20,,11720.31,0.00,-338.72,-59.03,1031.80,-18.40,-0.78
417.,PC Jeweller,15.31,539.73,8268.74,0.00,178.88,229.50,504.97,12.42,-1.74
418.,Sundaram Clayton,2637.90,,5815.56,0.20,-54.20,-416.60,562.60,89.60,-1.97
419.,Chemplast Sanmar,496.90,,7856.46,0.00,-31.26,-220.00,992.75,0.51,-2.06
420.,Gujarat Alkalies,749.75,,5506.16,0.00,-18.18,1.03,990.73,2.00,-3.83
421.,Borosil Renew.,548.40,,7160.35,0.00,-13.12,-1770.36,372.42,-7.28,-3.94
422.,Alok Industries,20.96,,10407.14,0.00,-262.10,-49.92,885.66,-35.46,-4.40
423.,LS Industries,90.90,,7715.76,0.00,-0.50,-177.78,0.01,-90.91,-4.67
424.,Dhani Services,108.29,,6532.41,0.00,4.19,103.99,102.63,4.11,-5.16
425.,Johnson Con. Hit,1898.35,123.25,5161.61,0.00,-30.05,32.27,396.28,41.45,-7.35
426.,NMDC Steel,43.44,,12730.55,0.00,-595.37,-354.13,1522.35,448.77,-8.69
427.,Equinox India,130.20,,8286.85,0.00,24.27,231.98,245.97,155.26,-10.94
428.,Websol Energy,1770.80,142.27,7688.17,0.00,41.98,1162.78,143.55,47750.00,-14.26
429.,Zinka Logistics,453.40,,8001.55,0.00,-269.47,130.78,98.77,55.86,-32.33
430.,SPARC,202.02,,6555.99,0.00,-107.69,-24.61,12.86,-39.28,-109.10
431.,Diamond Power,150.75,458.40,7944.09,0.00,4.00,14.94,250.30,235.75,
432.,Sanofi Consumer,4909.80,,11307.57,0.00,45.00,-35.58,159.90,-23.97,
433.,Raymond Lifestyl,2069.15,25.67,12606.01,0.00,42.18,-34.70,1708.26,-5.27,
