Serial_Number,Company_Name,Current_Market_Price_Rs,Price_to_Earnings_Ratio,Market_Capitalization_Rs_Cr,Dividend_Yield_Percentage,Net_Profit_Quarter_Rs_Cr,Quarterly_Profit_Variation_Percentage,Sales_Quarter_Rs_Cr,Quarterly_Sales_Variation_Percentage,Return_on_Capital_Employed_Percentage
1.,Nestle India,2191.95,67.37,211338.43,0.78,696.13,-5.28,4779.73,3.90,169.08
2.,P & G Hygiene,13394.25,60.73,43478.72,1.46,268.59,17.34,1247.63,10.08,112.44
3.,Colgate-Palmoliv,2411.70,44.88,65594.78,1.99,322.78,-2.22,1461.84,4.74,96.80
4.,Lloyds Metals,1121.80,38.48,58697.28,0.09,389.53,17.48,1675.17,-12.40,78.27
5.,Life Insurance,740.15,10.88,468144.70,1.35,11008.68,16.69,203751.32,-4.81,72.95
6.,TCS,3511.05,26.05,1270328.62,1.57,12444.00,5.16,63973.00,5.60,64.28
7.,Coal India,378.30,6.79,233136.01,6.74,8491.22,-17.19,35779.78,-1.03,63.59
8.,Gillette India,7774.30,53.45,25336.44,0.84,125.97,21.18,685.55,7.21,58.91
9.,Castrol India,231.08,24.84,22856.64,3.68,271.39,12.17,1353.89,7.11,55.16
10.,I R C T C,689.05,44.69,55124.00,1.02,341.21,9.90,1224.66,9.51,53.77
11.,Hyundai Motor I,1644.45,22.46,133618.32,0.00,1124.09,-19.31,16241.53,-2.10,51.41
12.,Glaxosmi. Pharma,2657.80,52.71,45024.74,1.20,229.88,29.42,949.42,17.90,51.33
13.,Britannia Inds.,4728.25,52.41,113888.55,1.55,582.30,4.28,4592.61,7.90,48.92
14.,Motherson Wiring,50.80,35.52,22459.23,1.57,139.98,-16.61,2300.28,8.78,47.96
15.,CG Power & Ind,599.10,97.77,91594.57,0.22,237.85,21.01,2515.68,27.13,46.63
16.,Hindustan Zinc,430.00,19.32,181688.72,6.74,2647.00,29.88,8556.00,17.05,46.25
17.,Abbott India,29597.00,47.13,62893.63,1.39,360.78,16.01,1614.28,12.33,46.02
18.,Page Industries,40099.25,66.42,44726.20,1.75,204.66,34.34,1313.05,7.14,45.02
19.,Mazagon Dock,2316.00,33.96,93422.81,0.59,807.04,28.76,3143.62,33.06,44.19
20.,Apar Inds.,5481.55,27.27,22018.46,0.93,174.92,-19.60,4716.42,17.66,43.96
21.,Waaree Energies,2125.25,61.78,61054.86,0.00,506.88,370.92,3457.29,116.60,43.63
22.,Marico,606.30,48.97,78540.39,1.57,406.00,4.18,2794.00,15.36,43.08
23.,Tata Elxsi,5236.75,40.29,32616.64,1.34,199.01,-3.59,939.17,2.73,42.74
24.,C D S L,1071.00,40.32,22383.90,0.89,129.80,20.83,278.11,29.67,40.18
25.,Infosys,1579.85,23.73,656069.64,2.41,6822.00,11.46,41764.00,7.58,39.99
26.,Oracle Fin.Serv.,7328.00,27.72,63642.11,3.28,541.30,-26.93,1715.20,-5.94,39.54
27.,Authum Invest,1466.90,6.26,24914.58,0.00,545.18,-9.63,617.66,26.08,39.34
28.,Hind.Aeronautics,3396.15,26.27,227126.02,1.03,1432.60,14.29,6956.93,14.78,38.88
29.,A B B,5118.55,57.86,108466.36,0.46,528.41,54.09,3364.93,22.03,38.56
30.,KPIT Technologi.,1206.45,43.59,33074.08,0.56,186.97,21.17,1477.96,17.58,38.36
31.,HDFC AMC,3725.10,33.69,79629.97,1.88,641.46,30.99,934.36,39.18,37.72
32.,Asian Paints,2231.30,49.08,214025.80,1.49,1128.44,-23.29,8549.44,-6.08,37.50
33.,ITC,412.05,25.95,515616.95,3.34,5013.18,-8.40,18790.17,9.28,37.47
34.,CRISIL,4373.70,46.76,31984.88,1.23,224.69,6.93,912.91,-0.53,36.84
35.,Nippon Life Ind.,524.50,25.00,33274.18,3.15,295.36,3.90,587.89,38.88,36.24
36.,Cummins India,2835.25,40.39,78593.13,1.34,514.00,12.67,3086.01,21.78,35.23
37.,Bharat Electron,280.07,41.02,204724.98,0.79,1311.60,52.51,5770.69,38.65,34.61
38.,Bayer Crop Sci.,4737.95,40.89,21293.34,2.95,34.20,-63.27,1056.90,10.68,33.91
39.,Bajaj Auto,7504.70,27.82,209574.46,1.07,2195.65,8.02,13168.88,8.25,33.53
40.,L&T Technology,4378.20,37.51,46355.35,1.14,300.80,-6.29,2411.80,12.29,33.40
41.,3M India,27880.30,56.59,31421.10,0.57,113.77,-15.88,1089.95,8.38,33.04
42.,Solar Industries,10097.15,81.42,91369.17,0.08,337.50,54.86,1973.08,38.06,32.47
43.,Adani Power,512.00,15.32,197475.27,0.00,2940.07,7.38,13671.18,5.23,32.25
44.,B P C L,264.41,8.19,114714.42,7.94,3805.94,19.27,113165.87,-2.02,32.09
45.,NBCC,77.89,37.15,21030.30,0.68,142.43,8.94,2826.96,16.65,31.99
46.,Emami,562.15,31.17,24537.85,1.42,278.98,5.71,1049.48,5.34,31.72
47.,Ajanta Pharma,2538.25,35.31,31705.81,1.42,232.88,10.88,1146.13,3.71,31.60
48.,Polycab India,5003.10,40.92,75258.83,0.60,464.35,10.83,5226.06,20.40,31.33
49.,LTIMindtree,4467.05,28.96,132352.23,1.46,1086.70,-7.14,9660.90,7.15,31.17
50.,Eicher Motors,5015.25,30.95,137493.26,1.02,1170.50,17.52,4973.12,19.01,31.14
51.,NMDC,63.80,8.65,56091.80,3.79,1880.00,12.62,6567.83,21.40,30.91
52.,Inventurus Knowl,1645.75,76.23,28236.65,0.00,129.68,27.71,657.16,15.88,30.01
53.,Pidilite Inds.,2729.90,69.29,138855.70,0.59,557.08,8.22,3368.91,7.63,29.74
54.,Hexaware Tech.,758.95,39.29,46120.99,0.00,320.70,65.40,3154.40,20.58,29.68
55.,HCL Technologies,1534.75,24.40,416479.75,3.52,4594.00,5.54,29890.00,5.08,29.60
56.,Persistent Sys,5125.75,60.53,79884.81,0.51,372.99,30.36,3062.28,22.58,29.17
57.,Dixon Technolog.,13324.05,125.99,80049.86,0.04,216.23,77.51,10453.68,116.96,29.16
58.,Hero Motocorp,3529.15,17.06,70586.82,3.26,1108.38,1.51,10259.89,4.82,29.09
59.,Indraprastha Gas,184.88,17.24,25883.23,2.43,285.82,-27.10,3759.06,5.70,28.76
60.,Coforge,7292.25,63.68,48765.54,1.04,255.90,-9.45,3318.20,42.82,28.60
61.,Supreme Inds.,3343.75,41.57,42474.61,0.90,186.97,-27.01,2509.88,2.48,28.56
62.,Tata Technolog.,636.80,40.03,25832.97,1.32,168.64,-0.93,1317.38,2.17,28.29
63.,United Spirits,1353.70,67.09,98461.48,0.66,335.00,8.64,3433.00,14.36,27.87
64.,Berger Paints,488.20,49.91,56918.98,0.72,295.97,-1.51,2975.06,3.24,27.51
65.,Hind. Unilever,2174.80,49.36,510989.11,1.93,2989.00,2.93,15818.00,1.61,27.24
66.,KEI Industries,3053.95,45.69,29181.28,0.13,164.81,9.38,2467.27,19.81,27.21
67.,Narayana Hrudaya,1542.15,40.22,31515.50,0.26,193.06,2.62,1366.68,13.55,26.54
68.,Dr Reddy's Labs,1107.95,17.24,92452.24,0.72,1404.20,1.69,8381.20,15.81,26.53
69.,Petronet LNG,281.00,11.73,42150.00,3.56,866.99,-27.18,12226.86,-17.09,26.41
70.,Tube Investments,2926.55,69.09,56626.95,0.12,280.15,8.52,4812.22,14.66,26.28
71.,Sun TV Network,570.40,12.87,22478.59,2.94,363.26,-20.00,827.56,-10.35,26.20
72.,Coromandel Inter,1797.70,32.36,52964.20,0.33,507.91,122.66,6935.19,26.92,25.98
73.,M R P L,119.33,25.21,20913.76,2.51,309.30,-21.11,21870.86,-11.34,25.75
74.,Schaeffler India,3347.55,53.52,52323.44,0.78,249.33,12.92,2082.31,12.25,25.67
75.,Blue Star,2025.65,76.04,41650.36,0.35,132.46,22.72,2807.36,25.26,25.51
76.,Premier Energies,888.15,173.34,40035.53,0.06,255.22,490.51,1713.32,140.47,25.23
77.,APL Apollo Tubes,1372.80,60.06,38098.57,0.40,216.97,31.09,5432.73,30.04,25.18
78.,Dr Lal Pathlabs,2525.05,50.64,21107.33,0.95,98.10,18.94,596.70,10.73,25.17
79.,Suzlon Energy,54.58,63.14,73891.41,0.00,387.76,90.56,2974.83,90.64,24.93
80.,Varun Beverages,488.15,62.34,165080.63,0.20,195.65,40.30,3688.79,38.28,24.85
81.,Mankind Pharma,2201.15,46.97,90814.72,0.00,416.38,-10.01,2396.57,8.48,24.57
82.,J B Chemicals &,1517.80,36.92,23628.43,0.81,162.49,21.65,963.49,14.09,24.55
83.,Interglobe Aviat,4700.85,29.91,181651.83,0.00,2442.00,-18.56,22110.70,13.67,24.53
84.,Havells India,1458.65,65.32,91448.86,0.62,277.96,-3.46,4888.98,10.76,24.40
85.,Bharat Dynamics,1108.25,71.82,40624.29,0.48,147.13,8.96,832.14,38.32,24.23
86.,Sona BLW Precis.,485.80,50.63,30203.06,0.63,150.71,16.75,867.91,11.01,24.02
87.,P I Industries,3297.30,29.44,50026.02,0.45,372.70,-16.92,1900.80,0.17,24.00
88.,Mphasis,2205.15,25.41,41892.78,2.49,427.81,14.51,3561.34,6.69,23.95
89.,Trent,5022.40,120.18,178540.02,0.06,496.54,33.97,4656.56,34.33,23.79
90.,EIH,359.10,31.93,22456.83,0.33,278.83,12.43,800.17,7.95,23.62
91.,Poly Medicure,2214.25,71.21,22436.05,0.14,85.23,31.08,424.21,24.91,23.62
92.,Siemens,4927.90,77.16,175492.62,0.24,614.60,-9.59,3587.20,-3.30,23.61
93.,Astral,1238.30,63.71,33265.04,0.30,112.60,-0.62,1397.00,1.96,23.16
94.,Torrent Pharma.,3056.05,55.55,103425.97,0.92,503.00,31.94,2809.00,2.82,23.16
95.,GE Vernova T&D,1421.55,74.57,36398.79,0.14,142.68,189.12,1073.65,27.97,23.14
96.,Cipla,1461.90,23.71,118065.23,0.89,1574.59,31.37,7072.97,7.10,22.80
97.,AIA Engineering,3145.00,28.66,29663.76,0.51,258.89,-7.41,1066.22,-8.80,22.71
98.,Titan Company,3010.15,82.56,267236.95,0.37,1047.00,-0.57,17740.00,25.25,22.70
99.,ICICI Lombard,1678.75,33.03,83180.25,0.36,724.38,67.89,6161.11,18.62,22.52
100.,Zydus Lifesci.,883.10,19.60,88860.52,0.34,1026.20,33.34,5269.10,16.96,22.34
101.,Dabur India,500.95,50.19,88784.28,1.10,515.82,1.85,3355.25,3.08,22.28
102.,Jindal Stain.,632.30,21.60,52086.95,0.47,654.27,-5.35,9907.30,8.54,22.23
103.,Godfrey Phillips,5708.25,28.34,29679.43,0.98,315.84,48.74,1895.52,27.43,22.17
104.,Indus Towers,327.00,8.81,88124.44,0.00,4003.20,159.86,7547.40,4.84,22.08
105.,Maruti Suzuki,11513.80,24.89,361996.84,1.09,3726.90,16.22,38764.30,15.67,21.82
106.,Deepak Nitrite,1948.60,38.48,26577.55,0.38,98.13,-51.45,1903.40,-5.27,21.65
107.,Cochin Shipyard,1291.65,41.30,33980.83,0.75,184.29,-25.70,1069.88,4.74,21.62
108.,H P C L,323.70,11.42,68877.61,6.49,2543.65,256.83,110607.97,-0.66,21.26
109.,Jyoti CNC Auto.,1000.30,74.18,22749.13,0.00,80.24,67.03,449.51,18.94,21.22
110.,Adani Total Gas,604.35,99.53,66467.02,0.04,142.38,-19.40,1294.46,11.96,21.20
111.,I O C L,125.67,18.28,177461.60,9.55,2147.35,-81.87,194014.49,-2.95,21.14
112.,Vedanta,442.95,14.58,173210.64,9.82,4876.00,76.20,39115.00,10.06,20.91
113.,ZF Commercial,11883.05,51.85,22530.26,0.14,124.91,25.39,955.89,7.79,20.90
114.,Sumitomo Chemi.,486.35,47.34,24275.95,0.19,84.31,53.43,622.43,15.17,20.83
115.,Motil.Oswal.Fin.,576.40,10.50,34544.45,0.87,566.00,-14.45,1998.63,11.58,20.69
116.,K P R Mill Ltd,897.55,37.22,30679.52,0.56,202.25,8.12,1529.22,23.19,20.62
117.,Bosch,26378.35,38.45,77799.36,1.42,458.20,4.33,4465.70,6.19,20.61
118.,Gujarat Gas,387.55,21.75,26678.56,1.46,221.62,0.58,4152.89,5.70,20.51
119.,Chambal Fert.,556.55,13.80,22298.30,1.35,534.40,16.33,4918.06,13.10,20.21
120.,Welspun Corp,810.10,14.36,21252.92,0.62,672.19,130.27,3613.51,-23.92,20.19
121.,Tata Motors,655.50,7.58,241301.95,0.46,5578.00,-22.95,113575.00,2.71,20.11
122.,BSE,3926.25,56.81,53152.14,0.38,218.59,105.69,831.74,95.20,19.97
123.,Uno Minda,902.85,55.07,51838.38,0.22,254.37,20.21,4183.99,18.77,19.94
124.,Honeywell Auto,33850.45,56.26,29923.80,0.30,132.10,3.28,1090.80,1.85,19.85
125.,ICICI Securities,836.75,12.97,27206.68,3.47,504.46,8.33,1585.97,19.90,19.74
126.,Alkem Lab,4706.95,26.02,56278.65,0.85,640.79,-1.71,3374.28,1.52,19.68
127.,Metro Brands,1076.75,71.31,29309.62,0.46,95.08,-3.30,703.09,10.64,19.66
128.,Avenue Super.,3797.10,90.85,247089.85,0.00,723.54,4.80,15972.55,17.68,19.41
129.,Global Health,1178.05,62.37,31640.94,0.00,142.86,15.64,943.44,12.79,19.32
130.,Godrej Consumer,1025.80,60.85,104940.16,1.46,498.31,-14.27,3768.43,2.97,19.02
131.,Suven Pharma,1148.70,104.81,29241.88,0.00,83.29,77.28,307.15,39.73,18.78
132.,PG Electroplast,835.00,111.44,23638.32,0.02,39.54,106.15,967.69,81.94,18.72
133.,Rail Vikas,329.35,55.00,68670.14,0.64,294.99,-9.51,4590.75,-1.82,18.70
134.,O N G C,225.43,7.17,283597.23,5.43,9783.64,-17.97,166096.68,-0.75,18.43
135.,Hindustan Copper,215.80,51.87,20868.38,0.43,62.90,-0.16,327.77,-17.91,17.99
136.,Hitachi Energy,12033.50,162.55,50999.99,0.03,137.38,498.08,1620.27,27.16,17.85
137.,Star Health Insu,354.05,26.42,20809.09,0.00,215.14,-25.70,4145.95,15.87,17.69
138.,Oil India,375.50,8.28,61079.12,2.80,1457.20,-42.98,8336.90,-13.29,17.67
139.,Balkrishna Inds,2499.05,27.25,48310.93,0.64,449.48,47.17,2560.33,12.57,17.62
140.,Tata Comm,1503.95,38.50,42862.58,1.11,236.08,893.33,5798.07,3.76,17.55
141.,Linde India,6021.00,118.24,51347.09,0.07,113.99,-2.70,605.86,-14.21,17.36
142.,Sun Pharma.Inds.,1683.45,34.25,403916.05,0.80,2912.98,22.66,13675.46,10.46,17.32
143.,ACC,1854.00,14.48,34815.76,0.40,1091.79,103.06,5927.38,20.61,17.27
144.,Natl. Aluminium,187.87,8.75,34504.80,4.26,1582.90,224.05,4662.22,39.27,16.95
145.,F A C T,598.80,463.59,38746.67,0.16,8.00,-73.61,949.42,-13.48,16.94
146.,Thermax,3370.70,66.09,40164.01,0.36,113.73,-18.97,2507.76,7.89,16.93
147.,Wipro,264.00,22.29,276453.79,2.27,3366.70,24.48,22318.80,0.51,16.93
148.,Krishna Institu.,570.55,65.57,22829.93,0.00,92.50,23.47,772.40,27.49,16.87
149.,Endurance Tech.,1905.15,33.44,26798.38,0.45,184.39,21.09,2859.16,11.64,16.60
150.,Divi's Lab.,5620.45,72.18,149205.29,0.53,589.00,64.53,2319.00,25.01,16.48
151.,Apollo Tyres,400.95,18.87,25464.37,1.50,337.25,-32.88,6927.95,5.04,16.45
152.,JSW Infrast,264.30,41.96,55503.04,0.21,335.62,31.56,1181.83,25.71,16.41
153.,Affle India,1430.55,54.87,20098.70,0.00,100.22,30.46,601.67,20.65,16.25
154.,MRF,105041.60,25.41,44549.64,0.19,315.46,-38.11,7000.82,13.60,16.12
155.,Escorts Kubota,2908.50,28.50,32539.64,0.62,320.63,6.46,2948.02,8.08,16.08
156.,Max Healthcare,990.70,90.83,96310.11,0.15,238.80,0.48,1868.31,39.95,16.00
157.,Crompton Gr. Con,344.25,42.63,22161.74,0.87,111.92,28.54,1769.21,4.52,15.82
158.,J K Cements,4271.30,52.29,33003.59,0.35,189.87,-33.19,2930.28,-0.16,15.80
159.,General Insuranc,384.55,8.98,67465.45,2.60,1676.62,16.53,11143.80,-0.04,15.78
160.,Lupin,1968.45,31.33,89867.80,0.41,858.86,39.48,5767.71,10.97,15.72
161.,Firstsour.Solu.,302.65,38.18,21398.20,1.32,160.31,19.19,2102.38,31.68,15.42
162.,Oberoi Realty,1533.50,21.61,55758.40,0.52,618.38,71.70,1411.08,33.92,15.24
163.,UltraTech Cem.,10452.10,48.13,301755.38,0.67,1473.51,-17.20,17193.33,2.71,15.12
164.,Apollo Hospitals,6105.65,67.01,87789.88,0.26,379.40,51.77,5526.90,13.94,15.11
165.,Indian Hotels Co,750.45,68.39,106821.47,0.23,632.53,28.85,2533.05,28.98,15.11
166.,Ashok Leyland,196.63,20.70,57740.94,2.52,819.67,37.61,11995.21,8.14,15.01
167.,Prestige Estates,1129.60,83.53,48655.29,0.16,32.20,-84.78,1654.50,-7.87,14.86
168.,Torrent Power,1291.20,27.58,65064.03,1.24,489.33,32.19,6499.38,2.09,14.77
169.,Shree Cement,27495.15,81.10,99204.56,0.38,193.72,-72.44,4572.68,-11.95,14.76
170.,Aegis Logistics,737.05,44.76,25870.46,0.88,159.52,-4.52,1706.99,-8.88,14.74
171.,Syngene Intl.,666.20,56.15,26817.01,0.19,131.10,14.51,943.70,10.57,14.74
172.,TVS Motor Co.,2250.90,54.16,106937.36,0.36,609.35,18.23,11134.63,10.09,14.68
173.,GAIL (India),157.96,9.86,103860.27,4.11,4084.24,-31.34,36834.73,6.16,14.66
174.,Kaynes Tech,4243.90,105.00,27165.53,0.00,66.46,47.07,661.18,29.82,14.53
175.,360 ONE,864.85,31.75,33982.24,1.91,276.47,43.91,759.83,20.65,14.47
176.,Aurobindo Pharma,1094.75,18.05,64145.63,0.41,845.57,-9.69,7978.52,8.53,14.10
177.,Kalyan Jewellers,430.90,66.93,44444.55,0.28,218.68,21.24,7286.88,39.51,14.04
178.,Bharti Hexacom,1353.70,64.43,67685.00,0.30,260.90,52.19,2250.70,25.00,13.98
179.,Container Corpn.,640.25,29.28,39010.07,1.80,367.28,10.91,2208.31,-0.10,13.93
180.,Samvardh. Mothe.,121.76,20.77,85673.93,0.66,984.35,61.97,27665.92,7.89,13.68
181.,M & M,2643.50,26.54,328726.85,0.80,3624.48,19.64,41470.05,17.48,13.58
182.,Gland Pharma,1554.85,36.37,25617.15,1.29,204.69,6.69,1384.05,-10.43,13.58
183.,United Breweries,1911.65,115.12,50545.01,0.52,38.52,-38.92,2000.26,9.64,13.49
184.,Larsen & Toubro,3187.30,31.59,438309.53,0.88,3973.98,13.96,64667.78,17.31,13.44
185.,JSW Steel,1001.20,69.98,244838.85,0.73,719.00,-67.71,41378.00,-1.34,13.30
186.,SBI Life Insuran,1385.55,57.60,138848.32,0.19,550.82,71.20,18861.98,-51.68,13.23
187.,Power Grid Corpn,267.65,16.01,248930.66,4.20,3861.63,-4.14,11233.03,-2.74,13.21
188.,Radico Khaitan,2191.05,94.18,29316.87,0.14,95.98,29.97,1294.24,11.48,13.16
189.,Jindal Steel,889.70,22.23,90757.24,0.22,950.88,-50.70,11750.67,0.42,13.16
190.,Muthoot Finance,2196.35,18.57,88175.52,1.09,1363.09,32.69,4423.46,39.64,13.15
191.,Bharti Airtel,1632.50,48.87,977121.37,0.49,16134.60,230.71,45129.30,19.08,13.13
192.,Bajaj Holdings,11320.20,16.77,125982.51,1.16,1749.97,6.32,126.33,16.92,13.07
193.,Adani Ports,1119.20,22.89,241762.75,0.54,2518.39,15.10,7963.55,15.08,12.93
194.,Bharat Forge,1039.25,52.23,49685.36,0.87,212.78,-16.38,3475.55,-10.11,12.90
195.,Ambuja Cements,485.80,28.30,119658.54,0.41,2620.09,156.64,9328.56,14.76,12.84
196.,Ipca Labs.,1299.30,44.90,32963.79,0.31,276.36,81.13,2245.37,9.38,12.77
197.,SRF,2951.80,76.29,87498.68,0.24,271.08,6.96,3491.31,14.36,12.71
198.,Brigade Enterpr.,950.45,36.45,23226.58,0.21,235.52,322.15,1463.94,24.72,12.66
199.,SBI Cards,829.85,38.62,78948.11,0.30,383.23,-30.21,4618.69,-0.07,12.54
200.,Phoenix Mills,1564.50,54.18,55932.81,0.16,352.76,-8.86,975.13,-1.11,12.44
201.,Glenmark Pharma.,1405.15,,39651.67,0.18,348.03,193.32,3387.55,35.14,12.34
202.,Bajaj Finance,8420.45,32.66,521965.72,0.43,4308.19,16.70,18035.11,27.33,11.92
203.,Tech Mahindra,1440.65,37.65,141027.89,2.78,988.80,92.63,13285.60,1.41,11.88
204.,Bajaj Finserv,1807.45,33.66,288588.69,0.06,4411.89,3.40,32041.81,10.34,11.72
205.,Vishal Mega Mart,99.44,100.41,45515.96,0.00,262.72,27.93,3135.94,19.53,11.36
206.,Hindalco Inds.,677.35,10.51,152215.89,0.52,3735.00,61.37,58390.00,10.57,11.29
207.,Shriram Finance,619.55,14.35,116499.18,1.45,3248.64,18.22,10698.31,19.90,11.27
208.,Jubilant Food.,596.35,171.56,39349.87,0.20,43.24,-21.97,2150.76,56.06,11.20
209.,Patanjali Foods,1718.60,54.14,62212.44,0.47,370.93,71.30,9103.13,15.07,11.14
210.,Tata Power Co.,350.75,28.93,112076.53,0.57,1187.54,8.15,15391.06,5.05,11.13
211.,Macrotech Devel.,1055.25,41.97,105254.89,0.21,944.80,61.54,4083.00,39.32,11.06
212.,Poonawalla Fin,281.35,127.99,21889.32,0.71,18.73,-92.94,1057.03,38.61,10.80
213.,Shyam Metalics,825.35,25.39,23038.15,0.55,197.31,56.84,3752.51,13.19,10.79
214.,Chola Financial,1594.00,14.44,29931.73,0.03,1092.90,4.08,8489.09,24.94,10.72
215.,Tata Consumer,946.10,71.36,93616.04,0.82,281.92,-16.22,4443.56,16.82,10.65
216.,NTPC,331.90,14.64,321832.35,2.34,5169.69,-1.80,45052.82,5.21,10.47
217.,Navin Fluo.Intl.,4126.90,77.53,20467.67,0.29,83.60,131.19,606.20,21.21,10.43
218.,Cholaman.Inv.&Fn,1444.70,29.86,121482.63,0.14,1088.21,24.79,6732.98,34.46,10.41
219.,Adani Wilmar,247.07,26.43,32111.16,0.00,409.35,65.51,16490.55,32.56,10.41
220.,Fortis Health.,605.45,58.14,45708.94,0.17,254.30,76.38,1928.26,14.80,10.34
221.,Amber Enterp.,6365.50,96.91,21530.35,0.00,37.05,7572.92,2133.33,64.77,10.18
222.,Exide Inds.,333.00,35.70,28305.00,0.60,158.44,-21.69,4016.72,0.93,10.15
223.,REC Ltd,406.65,6.84,107080.05,3.93,4076.35,23.21,14271.92,18.42,10.05
224.,Aditya Birla Cap,162.19,11.47,42280.08,0.00,724.38,-3.77,9381.35,6.61,9.95
225.,Adani Enterp.,2221.10,67.19,256355.08,0.06,228.64,-96.89,22848.42,-8.79,9.87
226.,Power Fin.Corpn.,388.35,5.75,128159.45,3.54,7759.56,23.30,26798.04,13.69,9.85
227.,Max Financial,1052.55,144.24,36325.06,0.00,69.81,-62.28,8923.21,-27.78,9.77
228.,Gujarat Fluoroch,3840.05,92.51,42182.95,0.08,126.00,57.50,1148.00,15.73,9.76
229.,Adani Green,873.65,95.07,138389.00,0.00,474.00,51.53,2365.00,2.34,9.65
230.,Reliance Industr,1247.90,24.41,1688704.35,0.40,21930.00,7.38,239986.00,6.62,9.61
231.,Bajaj Housing,115.25,49.03,95981.89,0.00,548.02,25.41,2448.86,25.83,9.42
232.,Grasim Inds,2370.20,39.64,161277.51,0.42,1844.29,-40.64,34792.85,8.85,9.30
233.,Indian Renewable,139.85,24.50,37588.39,0.00,425.38,26.78,1698.45,35.57,9.30
234.,PNB Housing,803.45,11.44,20881.62,0.00,471.43,36.04,1922.76,9.99,9.27
235.,H U D C O,180.76,13.49,36186.34,2.30,735.03,41.56,2760.23,37.14,9.23
236.,Sundaram Finance,4627.40,31.52,51412.20,0.65,455.47,6.56,2190.31,20.26,9.21
237.,Adani Energy Sol,783.20,54.67,94084.46,0.00,625.30,72.91,5830.26,27.78,9.00
238.,IRB Infra.Devl.,42.80,34.64,25846.92,0.70,6026.11,69.35,2025.44,2.89,8.96
239.,LIC Housing Fin.,515.60,5.51,28361.25,1.75,1434.89,22.75,7069.99,3.91,8.79
240.,ICICI Pru Life,536.60,79.63,77553.95,0.11,324.91,43.18,4536.44,-82.84,8.75
241.,M & M Fin. Serv.,271.35,13.55,33527.67,2.32,917.64,47.39,4796.80,16.99,8.74
242.,JSW Energy,514.10,47.85,89852.78,0.39,157.45,-31.94,2438.88,-4.09,8.59
243.,Voltas,1402.55,65.51,46408.24,0.39,130.76,573.77,3105.11,18.26,8.51
244.,L&T Finance Ltd,138.64,13.51,34588.85,1.80,625.65,-2.15,4097.58,15.95,8.22
245.,S A I L,105.89,14.97,43738.13,1.89,141.89,-64.61,24489.91,4.89,8.10
246.,IndusInd Bank,672.35,7.25,52379.73,2.45,1401.28,-39.02,12800.77,10.62,7.93
247.,Kotak Mah. Bank,1985.10,20.07,394682.15,0.10,4701.02,10.23,16633.14,14.75,7.86
248.,Tata Chemicals,796.10,41.63,20281.44,1.88,-21.00,-79.75,3590.00,-3.75,7.81
249.,AU Small Finance,502.85,18.39,37433.31,0.20,528.45,40.83,4113.48,50.36,7.71
250.,HDFC Bank,1706.60,18.77,1305782.10,1.14,18340.11,2.31,85040.17,9.01,7.67
251.,NHPC Ltd,77.57,28.76,77919.33,2.45,330.13,-52.49,2286.76,11.25,7.67
252.,ICICI Bank,1250.05,17.95,883060.90,0.80,13846.89,16.56,47037.12,15.10,7.60
253.,NTPC Green,96.25,235.28,81103.42,0.00,65.61,17.98,505.08,13.21,7.60
254.,Altius Telecom,148.00,49.33,45101.52,,219.70,-36.43,6013.60,76.36,7.27
255.,Multi Comm. Exc.,4808.45,47.85,24522.31,0.16,160.04,3091.40,301.38,57.35,7.15
256.,Axis Bank,1010.20,11.10,312802.44,0.10,6778.91,3.86,32162.20,11.42,7.06
257.,Bandhan Bank,139.84,9.08,22527.82,1.07,426.49,-41.79,5478.73,17.43,7.06
258.,Tata Steel,150.88,66.52,188351.46,2.39,295.49,-40.52,53648.30,-3.01,7.02
259.,Federal Bank,176.60,10.74,43367.06,0.68,951.31,-8.81,7264.87,19.39,6.93
260.,IDFC First Bank,53.48,20.32,39155.77,0.00,340.17,-53.53,9342.99,18.57,6.93
261.,FSN E-Commerce,164.56,892.29,47050.19,0.00,26.41,61.33,2267.21,26.74,6.87
262.,Dalmia BharatLtd,1607.10,46.72,30143.60,0.56,66.00,-76.81,3181.00,-11.74,6.71
263.,Canara Bank,82.90,4.58,75195.70,3.88,4255.68,11.19,30750.73,7.93,6.63
264.,Go Digit General,294.05,74.97,27138.95,0.00,118.52,176.46,2436.38,6.60,6.62
265.,HDFC Life Insur.,622.40,76.70,133996.08,0.32,421.31,14.63,17300.27,-35.75,6.61
266.,Laurus Labs,574.05,155.03,30955.79,0.14,92.94,298.88,1415.05,18.42,6.60
267.,Union Bank (I),113.70,5.31,86794.10,3.17,4623.03,27.52,27134.77,6.32,6.55
268.,NLC India,226.10,13.91,31351.85,1.33,696.03,166.79,4411.41,39.41,6.54
269.,Mindspace Busine,360.62,41.34,21968.38,,144.96,-0.74,660.94,8.69,6.52
270.,GMR Airports,74.33,,78484.87,0.00,202.10,45.62,2653.24,19.16,6.41
271.,Bank of Baroda,205.52,5.20,106281.84,3.70,5249.74,8.88,32569.84,8.42,6.33
272.,IDBI Bank,72.10,10.76,77524.82,2.08,1953.62,29.14,7819.25,19.40,6.23
273.,St Bk of India,727.85,8.19,649578.47,1.88,19483.78,17.27,124653.66,10.44,6.16
274.,Biocon,323.05,47.11,38785.38,0.15,81.10,-96.33,3821.40,-3.35,5.96
275.,Indian Bank,490.40,6.25,66055.11,2.45,2910.18,31.92,15770.16,11.04,5.92
276.,Yes Bank,16.19,23.40,50761.70,0.00,619.38,155.32,7833.00,12.08,5.81
277.,DLF,658.10,43.40,162900.26,0.76,1058.73,23.19,1528.71,0.49,5.74
278.,Godrej Propert.,1969.10,40.02,59306.31,0.00,158.20,154.05,968.88,193.21,5.74
279.,I R F C,117.69,23.53,153803.25,1.27,1630.66,1.98,6763.43,0.40,5.73
280.,Bank of India,94.12,5.03,42849.71,2.97,2638.17,36.58,18317.30,19.57,5.69
281.,Pun. & Sind Bank,39.11,31.47,26507.92,0.51,281.96,146.66,2931.14,17.67,5.59
282.,Godrej Industrie,1149.05,50.06,38694.50,0.00,312.40,76.86,4824.83,34.39,5.59
283.,Piramal Pharma,201.84,509.79,26758.90,0.05,3.68,-59.16,2204.22,12.54,5.49
284.,Punjab Natl.Bank,87.20,5.95,100218.47,1.72,4811.02,97.35,31894.80,14.52,5.46
285.,I O B,41.54,25.40,78520.62,0.00,873.66,20.91,7111.72,15.16,5.41
286.,Embassy Off.REIT,366.86,16.17,34774.43,4.71,158.20,-31.19,1032.62,6.95,5.41
287.,Bank of Maha,45.43,6.63,34942.73,3.08,1411.60,35.94,6324.68,22.30,5.38
288.,UCO Bank,35.20,18.15,42084.97,0.80,638.83,27.05,6219.96,12.03,5.34
289.,Central Bank,41.47,9.87,35999.86,0.00,966.05,31.17,8541.83,8.93,5.29
290.,SJVN,85.42,36.64,33568.31,2.11,148.75,-5.62,670.99,23.50,4.99
291.,Aster DM Health.,434.10,74.90,21683.86,0.92,64.39,25.04,1049.81,9.97,4.48
292.,Inox Wind,162.41,68.57,21174.92,0.00,111.64,5083.08,911.27,81.01,4.26
293.,Info Edg.(India),6382.55,129.25,82707.71,0.34,288.42,134.33,722.40,15.19,3.65
294.,B H E L,193.33,129.69,67318.73,0.13,134.70,123.31,7277.09,32.22,3.37
295.,UPL,601.45,,45145.30,0.17,853.00,174.85,10907.00,10.32,3.29
296.,PB Fintech.,1331.90,294.65,61168.48,0.00,71.54,92.16,1291.62,48.31,1.75
297.,Tata Inv.Corpn.,6107.50,92.29,30901.08,0.46,19.61,-63.17,3.71,-92.66,1.67
298.,Jio Financial,222.60,88.00,141424.11,0.00,294.78,0.33,438.35,5.98,1.55
299.,Zomato Ltd,201.43,293.19,194387.01,0.00,59.00,-57.25,5405.00,64.39,1.14
300.,JSW Holdings,19381.80,122.91,21513.80,0.00,19.40,6.48,29.22,7.07,0.72
301.,New India Assura,144.14,24.03,23754.27,1.43,348.51,-51.70,10702.92,-5.83,0.56
302.,Aditya Bir. Fas.,240.05,,29291.43,0.00,-42.36,45.60,4304.69,3.31,0.25
303.,Wockhardt,1292.05,,20993.95,0.00,20.00,116.87,721.00,2.85,-0.83
304.,Vodafone Idea,6.95,,49618.16,0.00,-6609.30,14.62,11117.30,4.16,-3.61
305.,ITI,253.36,,24345.03,0.00,-67.12,34.00,1034.54,299.68,-8.43
306.,One 97,682.85,,43543.12,0.00,-208.50,5.23,1827.80,-35.88,-8.50
307.,Swiggy,353.20,,80623.19,0.00,-799.08,-40.86,3993.07,30.98,-24.39
308.,Ola Electric,50.51,,22279.10,0.00,-564.00,-51.61,1045.00,-19.37,-32.13
309.,ITC Hotels,166.73,,34699.36,0.00,0.74,,0.00,,
